t,x,y,theta,v,w
0.850,0.0000,0.0000,0.0000,0.000,0.000
0.904,0.0000,0.0000,0.0000,0.000,0.000
0.957,0.0000,0.0000,0.0000,0.000,0.000
1.010,0.0000,0.0000,0.0000,0.000,0.000
1.063,0.0000,0.0000,0.0000,0.000,0.000
1.116,0.0000,0.0000,0.0000,0.000,0.000
1.169,0.0000,0.0000,0.0000,0.000,0.000
1.222,0.0000,0.0000,0.0000,0.000,0.000
1.277,0.0000,0.0000,0.0000,0.000,0.000
1.330,0.0000,0.0000,0.0000,0.000,0.000
1.383,0.0000,0.0000,0.0000,0.000,0.000
1.436,0.0000,0.0000,0.0000,0.000,0.000
1.489,0.0000,0.0000,0.0000,0.000,0.000
1.541,0.0000,0.0000,0.0000,0.000,0.000
1.595,0.0000,0.0000,0.0000,0.000,0.000
1.649,0.0000,0.0000,0.0000,0.000,0.000
1.701,0.0000,0.0000,0.0000,0.000,0.000
1.754,0.0000,0.0000,0.0000,0.000,0.000
1.807,0.0000,0.0000,0.0000,0.000,0.000
1.860,0.0000,0.0000,0.0000,0.000,0.000
1.913,0.0000,0.0000,0.0000,0.000,0.000
1.966,0.0000,0.0000,0.0000,0.000,0.000
2.019,0.0000,0.0000,0.0000,0.000,0.000
2.072,0.0000,0.0000,0.0000,0.000,0.000
2.124,0.0000,0.0000,0.0000,0.000,0.000
2.178,0.0000,0.0000,0.0000,0.000,0.000
2.230,0.0000,0.0000,0.0000,0.000,0.000
2.283,0.0000,0.0000,0.0000,0.000,0.000
2.338,0.0000,0.0000,0.0000,0.000,0.000
2.391,0.0000,0.0000,0.0000,0.000,0.000
2.444,0.0000,0.0000,0.0000,0.000,0.000
2.497,0.0000,0.0000,0.0000,0.000,0.000
2.548,0.0000,0.0000,0.0000,0.000,0.000
2.601,0.0000,0.0000,0.0000,0.000,0.000
2.654,0.0000,0.0000,0.0000,0.000,0.000
2.707,0.0000,0.0000,0.0000,0.000,0.000
2.762,0.0000,0.0000,0.0000,0.000,0.000
2.817,0.0000,0.0000,0.0000,0.000,0.000
2.871,0.0000,0.0000,0.0000,0.000,0.000
3.010,0.0000,0.0000,0.0000,0.000,0.000
3.065,0.0000,0.0000,0.0000,0.000,0.000
3.118,0.0000,0.0000,0.0000,0.000,0.000
3.171,0.0000,0.0000,0.0000,0.000,0.000
3.225,0.0000,0.0000,0.0000,0.000,0.000
3.280,0.0000,0.0000,0.0000,0.000,0.000
3.333,0.0000,0.0000,0.0000,0.000,0.000
3.385,0.0000,0.0000,0.0000,0.000,0.000
3.438,0.0000,0.0000,0.0000,0.000,0.000
3.491,0.0000,0.0000,0.0000,0.000,0.000
3.543,0.0000,0.0000,0.0000,0.000,0.000
3.597,0.0000,0.0000,0.0000,0.000,0.000
3.650,0.0000,0.0000,0.0000,0.000,0.000
3.703,0.0000,0.0000,0.0000,0.000,0.000
3.756,0.0000,0.0000,0.0000,0.000,0.000
3.808,0.0000,0.0000,0.0000,0.000,0.000
3.861,0.0000,0.0000,0.0000,0.000,0.000
3.913,0.0000,0.0000,0.0000,0.000,0.000
3.967,0.0000,0.0000,0.0000,0.000,0.000
4.021,0.0000,0.0000,0.0000,0.000,0.000
4.075,0.0000,0.0000,0.0000,0.000,0.000
4.129,0.0000,0.0000,0.0000,0.000,0.000
4.184,0.0000,0.0000,0.0000,0.000,0.000
4.238,0.0000,0.0000,0.0000,0.000,0.000
4.291,0.0000,0.0000,0.0000,0.000,0.000
4.345,0.0000,0.0000,0.0000,0.000,0.000
4.389,0.0000,0.0000,0.0000,0.000,0.000
4.392,-0.0000,-0.0000,0.0002,-0.001,0.059
4.496,-0.0004,-0.0000,0.0096,-0.004,0.090
4.550,-0.0005,-0.0000,0.0148,-0.001,0.097
4.604,-0.0003,0.0000,0.0195,0.004,0.088
4.658,0.0000,0.0000,0.0242,0.005,0.086
4.711,-0.0000,0.0000,0.0289,-0.001,0.088
4.765,-0.0004,-0.0000,0.0259,-0.006,-0.056
4.818,-0.0006,-0.0000,0.0230,-0.005,-0.054
4.873,-0.0013,-0.0000,0.0205,-0.012,-0.045
4.876,-0.0013,-0.0000,0.0204,-0.012,-0.045
4.879,-0.0013,-0.0000,0.0205,-0.001,0.045
4.981,-0.0013,-0.0000,0.0288,0.000,0.081
5.036,-0.0013,-0.0000,0.0334,0.000,0.084
5.089,-0.0013,-0.0000,0.0383,0.001,0.091
5.144,-0.0012,-0.0000,0.0436,0.001,0.098
5.198,-0.0012,-0.0000,0.0488,0.000,0.095
5.251,-0.0014,-0.0000,0.0498,-0.004,0.018
5.303,-0.0013,-0.0000,0.0465,0.003,-0.062
5.357,-0.0015,-0.0000,0.0440,-0.005,-0.047
5.410,-0.0015,-0.0000,0.0438,0.000,-0.004
5.463,-0.0015,-0.0000,0.0438,0.000,0.000
5.517,-0.0015,-0.0000,0.0438,0.000,0.000
5.573,-0.0015,-0.0000,0.0438,0.000,0.000
5.593,-0.0015,-0.0000,0.0438,0.000,0.000
5.596,-0.0015,-0.0000,0.0439,0.000,0.045
5.700,-0.0015,-0.0000,0.0520,0.000,0.077
5.753,-0.0015,-0.0000,0.0567,0.000,0.088
5.807,-0.0014,-0.0000,0.0616,0.002,0.091
5.861,-0.0014,-0.0000,0.0666,0.001,0.094
5.914,-0.0013,-0.0000,0.0717,0.001,0.097
5.967,-0.0009,0.0000,0.0674,0.008,-0.080
6.021,-0.0004,0.0000,0.0636,0.009,-0.070
6.075,-0.0007,0.0000,0.0615,-0.005,-0.040
6.078,-0.0007,0.0000,0.0614,-0.005,-0.040
6.081,-0.0007,0.0000,0.0613,-0.008,-0.041
6.107,-0.0008,0.0000,0.0610,-0.001,-0.008
6.143,-0.0008,0.0000,0.0614,0.000,0.011
6.174,-0.0003,0.0000,0.0627,0.015,0.040
6.207,0.0015,0.0002,0.0631,0.055,0.012
6.239,0.0043,0.0003,0.0629,0.087,-0.006
6.279,0.0081,0.0006,0.0627,0.094,-0.004
6.309,0.0111,0.0008,0.0628,0.104,0.004
6.342,0.0147,0.0010,0.0631,0.107,0.007
6.375,0.0182,0.0012,0.0633,0.107,0.006
6.406,0.0213,0.0014,0.0633,0.098,0.000
6.512,0.0312,0.0020,0.0631,0.094,-0.001
6.568,0.0365,0.0024,0.0630,0.096,-0.002
6.622,0.0419,0.0027,0.0631,0.100,0.001
6.676,0.0475,0.0031,0.0632,0.102,0.002
6.730,0.0529,0.0034,0.0632,0.102,0.000
6.784,0.0556,0.0036,0.0635,0.050,0.005
6.839,0.0563,0.0036,0.0636,0.012,0.002
6.892,0.0573,0.0037,0.0617,0.019,-0.036
6.944,0.0573,0.0037,0.0617,0.000,0.000
6.998,0.0573,0.0037,0.0616,0.000,-0.001
7.052,0.0573,0.0037,0.0616,0.000,0.000
7.106,0.0573,0.0037,0.0616,0.000,0.000
7.161,0.0573,0.0037,0.0616,0.000,0.000
7.216,0.0573,0.0037,0.0616,0.000,0.000
7.271,0.0573,0.0037,0.0616,0.000,0.000
7.325,0.0573,0.0037,0.0616,0.000,0.000
7.378,0.0573,0.0037,0.0616,0.000,0.000
7.430,0.0573,0.0037,0.0616,0.000,0.000
7.484,0.0573,0.0037,0.0616,0.000,0.000
7.488,0.0573,0.0037,0.0616,0.000,0.000
7.490,0.0573,0.0037,0.0616,0.001,0.023
7.593,0.0573,0.0037,0.0700,0.000,0.081
7.649,0.0573,0.0037,0.0749,0.000,0.089
7.703,0.0574,0.0037,0.0798,0.001,0.090
7.757,0.0574,0.0037,0.0847,0.001,0.090
7.811,0.0574,0.0037,0.0897,0.000,0.093
7.866,0.0576,0.0037,0.0871,0.004,-0.048
7.920,0.0576,0.0037,0.0838,0.000,-0.059
7.974,0.0574,0.0037,0.0824,-0.005,-0.027
8.029,0.0574,0.0037,0.0824,0.000,0.000
8.083,0.0574,0.0037,0.0824,0.000,0.000
8.138,0.0574,0.0037,0.0824,0.000,0.000
8.151,0.0574,0.0037,0.0824,0.000,0.000
8.153,0.0574,0.0037,0.0822,0.001,-0.062
8.257,0.0574,0.0037,0.0728,0.000,-0.090
8.311,0.0574,0.0037,0.0676,0.000,-0.098
8.364,0.0574,0.0037,0.0625,0.000,-0.098
8.375,0.0574,0.0037,0.0613,0.000,-0.098
8.377,0.0574,0.0037,0.0611,0.000,-0.098
8.480,0.0574,0.0037,0.0510,0.000,-0.098
8.534,0.0574,0.0037,0.0458,0.000,-0.096
8.588,0.0574,0.0037,0.0445,0.000,-0.025
8.642,0.0574,0.0037,0.0445,0.000,0.000
8.696,0.0574,0.0037,0.0445,0.000,0.000
8.749,0.0574,0.0037,0.0445,0.000,0.000
8.803,0.0574,0.0037,0.0445,0.000,0.000
8.858,0.0574,0.0037,0.0445,0.000,0.000
8.862,0.0574,0.0037,0.0445,0.000,0.000
8.865,0.0574,0.0037,0.0445,0.000,0.000
8.971,0.0574,0.0037,0.0445,0.000,0.000
9.025,0.0574,0.0037,0.0445,0.000,0.000
9.078,0.0574,0.0037,0.0445,0.000,0.000
9.132,0.0574,0.0037,0.0445,0.000,0.000
9.186,0.0574,0.0037,0.0445,0.000,0.000
9.240,0.0574,0.0037,0.0445,0.000,0.000
9.293,0.0574,0.0037,0.0445,0.000,0.000
9.347,0.0574,0.0037,0.0445,0.000,0.000
9.400,0.0574,0.0037,0.0445,0.000,0.000
9.428,0.0574,0.0037,0.0445,0.000,0.000
9.431,0.0574,0.0037,0.0445,0.000,0.000
9.536,0.0574,0.0037,0.0445,0.000,0.000
9.589,0.0574,0.0037,0.0445,0.000,0.000
9.643,0.0574,0.0037,0.0445,0.000,0.000
9.696,0.0574,0.0037,0.0445,0.000,0.000
9.750,0.0574,0.0037,0.0445,0.000,0.000
9.803,0.0574,0.0037,0.0445,0.000,0.000
9.857,0.0574,0.0037,0.0445,0.000,0.000
9.910,0.0574,0.0037,0.0445,0.000,0.000
9.965,0.0574,0.0037,0.0445,0.000,0.000
10.018,0.0574,0.0037,0.0445,0.000,0.000
10.072,0.0574,0.0037,0.0445,0.000,0.000
10.092,0.0574,0.0037,0.0445,0.000,0.000
10.094,0.0574,0.0037,0.0445,0.000,0.000
10.198,0.0574,0.0037,0.0445,0.000,0.000
10.252,0.0574,0.0037,0.0445,0.000,0.000
10.307,0.0574,0.0037,0.0445,0.000,0.000
10.361,0.0574,0.0037,0.0445,0.000,0.000
10.415,0.0574,0.0037,0.0445,0.000,0.000
10.470,0.0574,0.0037,0.0445,0.000,0.000
10.523,0.0574,0.0037,0.0445,0.000,0.000
10.578,0.0574,0.0037,0.0445,0.000,0.000
10.580,0.0574,0.0037,0.0445,0.000,0.000
10.609,0.0574,0.0037,0.0445,0.000,0.000
10.640,0.0574,0.0037,0.0439,0.001,-0.018
10.679,0.0573,0.0037,0.0404,-0.002,-0.091
10.781,0.0573,0.0037,0.0310,0.000,-0.091
10.836,0.0573,0.0037,0.0260,0.000,-0.092
10.890,0.0573,0.0037,0.0212,0.000,-0.090
10.943,0.0575,0.0037,0.0171,0.003,-0.075
10.997,0.0575,0.0037,0.0155,0.001,-0.030
11.051,0.0575,0.0037,0.0155,0.000,0.000
11.104,0.0574,0.0037,0.0183,-0.002,0.052
11.158,0.0573,0.0037,0.0191,-0.003,0.014
11.212,0.0573,0.0037,0.0191,0.000,0.000
11.266,0.0573,0.0037,0.0191,0.000,0.000
11.320,0.0573,0.0037,0.0191,0.000,0.000
11.373,0.0573,0.0037,0.0191,0.000,0.000
11.429,0.0573,0.0037,0.0191,0.000,0.000
11.485,0.0573,0.0037,0.0191,0.000,0.000
11.538,0.0573,0.0037,0.0191,0.000,0.000
11.593,0.0573,0.0037,0.0191,0.000,0.000
11.649,0.0573,0.0037,0.0191,0.000,0.000
11.676,0.0573,0.0037,0.0191,0.000,0.000
11.679,0.0573,0.0037,0.0191,0.000,0.000
11.782,0.0573,0.0037,0.0191,0.000,0.000
11.836,0.0573,0.0037,0.0191,0.000,0.000
11.890,0.0573,0.0037,0.0191,0.000,0.000
11.944,0.0573,0.0037,0.0191,0.000,0.000
11.998,0.0573,0.0037,0.0191,0.000,0.000
12.051,0.0573,0.0037,0.0191,0.000,0.000
12.104,0.0573,0.0037,0.0191,0.000,0.000
12.158,0.0573,0.0037,0.0191,0.000,0.000
12.212,0.0573,0.0037,0.0191,0.000,0.000
12.265,0.0573,0.0037,0.0191,0.000,0.000
12.319,0.0573,0.0037,0.0191,0.000,0.000
12.372,0.0573,0.0037,0.0191,0.000,0.000
12.429,0.0573,0.0037,0.0191,0.000,0.000
12.484,0.0573,0.0037,0.0191,0.000,0.000
12.540,0.0573,0.0037,0.0191,0.000,0.000
12.593,0.0573,0.0037,0.0191,0.000,0.000
12.648,0.0573,0.0037,0.0191,0.000,0.000
12.701,0.0573,0.0037,0.0191,0.000,0.000
12.754,0.0573,0.0037,0.0191,0.000,0.000
12.808,0.0573,0.0037,0.0191,0.000,0.000
12.812,0.0573,0.0037,0.0191,0.000,0.000
12.916,0.0573,0.0037,0.0191,0.000,0.000
12.970,0.0573,0.0037,0.0191,0.000,0.000
13.025,0.0573,0.0037,0.0191,0.000,0.000
13.080,0.0573,0.0037,0.0191,0.000,0.000
13.132,0.0573,0.0037,0.0191,0.000,0.000
13.186,0.0573,0.0037,0.0191,0.000,0.000
13.238,0.0573,0.0037,0.0191,0.000,0.000
13.292,0.0573,0.0037,0.0191,0.000,0.000
13.309,0.0573,0.0037,0.0191,0.000,0.000
13.312,0.0573,0.0037,0.0191,0.000,0.000
13.348,0.0573,0.0037,0.0191,0.000,0.000
13.379,0.0573,0.0037,0.0191,0.000,0.001
13.416,0.0564,0.0037,0.0196,-0.024,0.013
13.441,0.0546,0.0036,0.0199,-0.069,0.011
13.476,0.0514,0.0036,0.0200,-0.093,0.005
13.524,0.0467,0.0035,0.0201,-0.099,0.001
13.575,0.0415,0.0034,0.0200,-0.101,-0.002
13.577,0.0413,0.0034,0.0200,-0.102,-0.005
13.608,0.0381,0.0033,0.0198,-0.103,-0.006
13.641,0.0346,0.0032,0.0197,-0.105,-0.003
13.677,0.0308,0.0032,0.0196,-0.105,-0.003
13.691,0.0295,0.0031,0.0195,-0.103,-0.002
13.745,0.0240,0.0030,0.0194,-0.100,-0.002
13.761,0.0225,0.0030,0.0194,-0.098,-0.003
13.792,0.0195,0.0029,0.0194,-0.096,0.000
13.823,0.0165,0.0029,0.0195,-0.095,0.004
13.859,0.0131,0.0028,0.0197,-0.095,0.004
13.893,0.0098,0.0028,0.0198,-0.097,0.003
13.926,0.0066,0.0027,0.0198,-0.099,0.000
13.958,0.0033,0.0026,0.0197,-0.101,-0.003
13.997,-0.0006,0.0025,0.0195,-0.101,-0.004
14.024,-0.0034,0.0025,0.0195,-0.101,-0.002
14.057,-0.0067,0.0024,0.0195,-0.101,0.000
14.089,-0.0099,0.0024,0.0195,-0.100,0.000
14.125,-0.0135,0.0023,0.0195,-0.100,0.000
14.159,-0.0168,0.0022,0.0195,-0.099,0.000
14.191,-0.0200,0.0022,0.0195,-0.099,0.000
14.222,-0.0230,0.0021,0.0195,-0.097,0.001
14.258,-0.0265,0.0020,0.0196,-0.097,0.002
14.292,-0.0299,0.0020,0.0196,-0.098,0.002
14.328,-0.0334,0.0019,0.0196,-0.099,0.000
14.357,-0.0363,0.0019,0.0196,-0.100,0.000
14.391,-0.0397,0.0018,0.0196,-0.100,0.000
14.425,-0.0431,0.0017,0.0196,-0.100,0.000
14.456,-0.0462,0.0017,0.0196,-0.100,0.000
14.492,-0.0498,0.0016,0.0196,-0.100,-0.001
14.522,-0.0528,0.0015,0.0196,-0.100,-0.001
14.557,-0.0563,0.0015,0.0196,-0.100,0.000
14.593,-0.0598,0.0014,0.0196,-0.098,0.000
14.623,-0.0627,0.0013,0.0196,-0.097,0.002
14.640,-0.0644,0.0013,0.0197,-0.097,0.002
14.675,-0.0678,0.0012,0.0197,-0.098,0.001
14.709,-0.0712,0.0012,0.0197,-0.100,0.000
14.741,-0.0744,0.0011,0.0197,-0.100,-0.001
14.773,-0.0777,0.0010,0.0197,-0.100,0.000
14.809,-0.0813,0.0010,0.0197,-0.100,0.000
14.843,-0.0846,0.0009,0.0197,-0.100,0.000
14.873,-0.0876,0.0008,0.0196,-0.100,-0.001
14.907,-0.0910,0.0008,0.0196,-0.100,0.000
14.939,-0.0942,0.0007,0.0196,-0.099,0.000
14.974,-0.0976,0.0006,0.0196,-0.098,0.000
15.007,-0.1008,0.0006,0.0197,-0.098,0.001
15.041,-0.1042,0.0005,0.0197,-0.099,0.000
15.086,-0.1087,0.0004,0.0197,-0.099,0.000
15.110,-0.1111,0.0004,0.0197,-0.099,0.000
15.140,-0.1140,0.0003,0.0197,-0.099,0.000
15.175,-0.1176,0.0003,0.0197,-0.100,0.000
15.207,-0.1207,0.0002,0.0197,-0.100,0.000
15.242,-0.1242,0.0001,0.0197,-0.100,0.000
15.275,-0.1275,0.0001,0.0197,-0.100,0.000
15.305,-0.1305,0.0000,0.0197,-0.099,0.000
15.344,-0.1343,-0.0001,0.0197,-0.099,0.000
15.374,-0.1373,-0.0001,0.0197,-0.098,0.000
15.408,-0.1406,-0.0002,0.0197,-0.098,0.000
15.440,-0.1438,-0.0003,0.0197,-0.100,0.000
15.544,-0.1542,-0.0005,0.0197,-0.100,0.000
15.558,-0.1557,-0.0005,0.0197,-0.100,0.000
15.561,-0.1559,-0.0005,0.0197,-0.100,0.000
15.563,-0.1561,-0.0005,0.0197,-0.100,0.000
15.588,-0.1586,-0.0006,0.0197,-0.100,0.000
15.624,-0.1622,-0.0006,0.0197,-0.100,0.000
15.657,-0.1655,-0.0007,0.0197,-0.099,0.000
15.689,-0.1686,-0.0007,0.0197,-0.098,0.000
15.724,-0.1720,-0.0008,0.0197,-0.098,0.000
15.758,-0.1754,-0.0009,0.0197,-0.098,0.001
15.789,-0.1784,-0.0009,0.0198,-0.098,0.002
15.844,-0.1838,-0.0010,0.0198,-0.098,0.001
15.858,-0.1852,-0.0011,0.0198,-0.099,0.001
15.890,-0.1884,-0.0011,0.0198,-0.099,0.000
15.924,-0.1918,-0.0012,0.0198,-0.100,0.000
15.958,-0.1952,-0.0013,0.0198,-0.100,0.000
15.993,-0.1986,-0.0013,0.0198,-0.100,0.000
16.025,-0.2018,-0.0014,0.0198,-0.099,0.000
16.059,-0.2052,-0.0015,0.0198,-0.099,0.000
16.093,-0.2085,-0.0015,0.0198,-0.099,0.000
16.126,-0.2117,-0.0016,0.0198,-0.098,0.000
16.161,-0.2153,-0.0017,0.0198,-0.099,0.000
16.191,-0.2182,-0.0017,0.0198,-0.099,0.000
16.224,-0.2215,-0.0018,0.0198,-0.100,0.000
16.260,-0.2251,-0.0019,0.0198,-0.100,0.000
16.296,-0.2287,-0.0019,0.0198,-0.100,0.000
16.323,-0.2314,-0.0020,0.0198,-0.100,-0.001
16.359,-0.2350,-0.0021,0.0198,-0.100,-0.001
16.392,-0.2383,-0.0021,0.0198,-0.100,0.000
16.423,-0.2414,-0.0022,0.0198,-0.099,0.000
16.463,-0.2454,-0.0023,0.0198,-0.099,0.000
16.493,-0.2483,-0.0023,0.0198,-0.099,0.000
16.516,-0.2505,-0.0024,0.0198,-0.098,0.002
16.540,-0.2529,-0.0024,0.0199,-0.098,0.002
16.573,-0.2561,-0.0025,0.0199,-0.098,0.001
16.608,-0.2596,-0.0025,0.0199,-0.099,0.001
16.640,-0.2627,-0.0026,0.0200,-0.099,0.001
16.674,-0.2661,-0.0027,0.0200,-0.099,0.000
16.708,-0.2696,-0.0027,0.0199,-0.100,-0.001
16.814,-0.2800,-0.0030,0.0199,-0.099,0.000
16.868,-0.2854,-0.0031,0.0199,-0.099,0.000
16.922,-0.2907,-0.0032,0.0199,-0.099,0.000
16.977,-0.2961,-0.0033,0.0199,-0.099,0.000
17.032,-0.3017,-0.0034,0.0199,-0.100,0.000
17.041,-0.3026,-0.0034,0.0199,-0.100,0.000
17.043,-0.3027,-0.0034,0.0199,-0.032,0.001
17.148,-0.3028,-0.0034,0.0200,-0.001,0.001
17.201,-0.3034,-0.0034,0.0212,-0.012,0.023
17.254,-0.3036,-0.0034,0.0217,-0.004,0.009
17.309,-0.3036,-0.0034,0.0217,0.000,0.000
17.363,-0.3036,-0.0034,0.0217,0.000,0.000
17.418,-0.3036,-0.0034,0.0217,0.000,0.000
17.471,-0.3036,-0.0034,0.0217,0.000,0.000
17.524,-0.3036,-0.0034,0.0217,0.000,0.000
17.537,-0.3036,-0.0034,0.0217,0.000,0.000
17.539,-0.3036,-0.0034,0.0217,0.000,0.000
17.559,-0.3036,-0.0034,0.0217,0.000,-0.002
17.638,-0.3036,-0.0034,0.0221,0.000,0.005
17.662,-0.3036,-0.0034,0.0222,0.000,0.005
17.665,-0.3036,-0.0034,0.0223,-0.001,0.038
17.696,-0.3036,-0.0034,0.0251,0.000,0.090
17.725,-0.3036,-0.0034,0.0279,0.000,0.098
17.758,-0.3036,-0.0034,0.0312,0.000,0.098
17.794,-0.3036,-0.0034,0.0347,0.000,0.098
17.825,-0.3036,-0.0034,0.0378,0.000,0.097
17.859,-0.3036,-0.0034,0.0411,0.000,0.098
17.908,-0.3037,-0.0034,0.0457,-0.001,0.094
18.014,-0.3035,-0.0034,0.0551,0.002,0.090
18.068,-0.3034,-0.0034,0.0601,0.002,0.092
18.120,-0.3033,-0.0034,0.0653,0.001,0.097
18.175,-0.3035,-0.0034,0.0698,-0.003,0.083
18.230,-0.3035,-0.0034,0.0705,-0.001,0.014
18.283,-0.3037,-0.0034,0.0666,-0.003,-0.074
18.338,-0.3034,-0.0034,0.0646,0.005,-0.036
18.391,-0.3034,-0.0034,0.0641,0.001,-0.010
18.444,-0.3034,-0.0034,0.0641,0.000,0.000
18.499,-0.3034,-0.0034,0.0641,0.000,0.000
18.527,-0.3034,-0.0034,0.0641,0.000,0.000
18.529,-0.3034,-0.0034,0.0640,0.000,-0.049
18.633,-0.3034,-0.0034,0.0544,0.000,-0.092
18.687,-0.3034,-0.0034,0.0491,0.000,-0.098
18.740,-0.3034,-0.0034,0.0440,0.000,-0.097
18.795,-0.3034,-0.0034,0.0386,0.000,-0.098
18.849,-0.3034,-0.0034,0.0336,0.000,-0.093
18.902,-0.3033,-0.0034,0.0319,0.001,-0.032
18.956,-0.3033,-0.0034,0.0319,0.000,0.000
19.009,-0.3033,-0.0034,0.0319,0.000,0.000
19.029,-0.3033,-0.0034,0.0319,0.000,0.000
19.031,-0.3033,-0.0034,0.0319,0.000,0.000
19.060,-0.3033,-0.0034,0.0319,0.000,0.000
19.092,-0.3033,-0.0034,0.0319,0.000,0.000
19.110,-0.3033,-0.0034,0.0311,-0.002,-0.043
19.161,-0.3034,-0.0034,0.0269,-0.001,-0.081
19.179,-0.3034,-0.0034,0.0253,0.000,-0.090
19.210,-0.3034,-0.0034,0.0224,0.000,-0.096
19.242,-0.3034,-0.0034,0.0194,-0.001,-0.093
19.273,-0.3035,-0.0034,0.0165,-0.001,-0.092
19.308,-0.3035,-0.0034,0.0133,0.000,-0.091
19.341,-0.3035,-0.0034,0.0104,0.000,-0.089
19.377,-0.3035,-0.0034,0.0071,0.000,-0.092
19.408,-0.3035,-0.0034,0.0043,0.000,-0.092
19.440,-0.3034,-0.0034,0.0014,0.001,-0.088
19.480,-0.3033,-0.0034,-0.0021,0.002,-0.088
19.508,-0.3034,-0.0034,-0.0046,-0.003,-0.092
19.612,-0.3035,-0.0034,-0.0146,-0.001,-0.095
19.667,-0.3035,-0.0034,-0.0198,0.001,-0.095
19.721,-0.3034,-0.0034,-0.0249,0.002,-0.096
19.774,-0.3033,-0.0034,-0.0302,0.001,-0.098
19.828,-0.3033,-0.0034,-0.0352,0.000,-0.094
19.881,-0.3033,-0.0034,-0.0367,0.001,-0.028
19.935,-0.3036,-0.0034,-0.0349,-0.006,0.033
19.989,-0.3036,-0.0034,-0.0340,0.000,0.017
20.043,-0.3036,-0.0034,-0.0340,0.000,0.000
20.098,-0.3036,-0.0034,-0.0340,0.000,0.000
20.152,-0.3036,-0.0034,-0.0340,0.000,0.000
20.206,-0.3036,-0.0034,-0.0340,0.000,0.000
20.260,-0.3036,-0.0034,-0.0340,0.000,0.000
20.314,-0.3036,-0.0034,-0.0340,0.000,0.000
20.367,-0.3036,-0.0034,-0.0340,0.000,0.000
20.420,-0.3036,-0.0034,-0.0340,0.000,0.000
20.476,-0.3036,-0.0034,-0.0340,0.000,0.000
20.529,-0.3036,-0.0034,-0.0340,0.000,0.000
20.579,-0.3036,-0.0034,-0.0340,0.000,0.000
20.582,-0.3036,-0.0034,-0.0340,0.000,0.000
20.686,-0.3036,-0.0034,-0.0340,0.000,0.000
20.740,-0.3036,-0.0034,-0.0340,0.000,0.000
20.793,-0.3036,-0.0034,-0.0340,0.000,0.000
20.847,-0.3036,-0.0034,-0.0340,0.000,0.000
20.900,-0.3036,-0.0034,-0.0340,0.000,0.000
20.955,-0.3036,-0.0034,-0.0340,0.000,0.000
20.990,-0.3036,-0.0034,-0.0340,0.000,0.000
20.992,-0.3036,-0.0034,-0.0340,0.000,0.000
21.026,-0.3036,-0.0034,-0.0341,0.000,-0.002
21.062,-0.3036,-0.0034,-0.0333,0.000,0.023
21.166,-0.3036,-0.0034,-0.0243,0.000,0.086
21.220,-0.3036,-0.0034,-0.0191,0.000,0.096
21.275,-0.3036,-0.0034,-0.0138,0.000,0.098
21.329,-0.3036,-0.0034,-0.0084,0.000,0.099
21.383,-0.3036,-0.0034,-0.0032,0.000,0.098
21.436,-0.3036,-0.0034,-0.0007,0.000,0.046
21.490,-0.3036,-0.0034,-0.0006,0.000,0.001
21.544,-0.3036,-0.0034,-0.0006,0.000,0.000
21.599,-0.3036,-0.0034,-0.0006,0.000,0.000
21.653,-0.3036,-0.0034,-0.0006,0.000,0.000
21.707,-0.3036,-0.0034,-0.0006,0.000,0.000
21.762,-0.3036,-0.0034,-0.0006,0.000,0.000
21.818,-0.3036,-0.0034,-0.0006,0.000,0.000
21.871,-0.3036,-0.0034,-0.0006,0.000,0.000
21.924,-0.3036,-0.0034,-0.0006,0.000,0.000
21.979,-0.3036,-0.0034,-0.0006,0.000,0.000
22.032,-0.3036,-0.0034,-0.0006,0.000,0.000
22.077,-0.3036,-0.0034,-0.0006,0.000,0.000
22.080,-0.3036,-0.0034,-0.0008,0.000,-0.078
22.186,-0.3036,-0.0034,-0.0112,0.000,-0.098
22.241,-0.3036,-0.0034,-0.0166,0.000,-0.098
22.295,-0.3036,-0.0034,-0.0218,-0.001,-0.096
22.349,-0.3037,-0.0034,-0.0267,-0.002,-0.091
22.403,-0.3035,-0.0034,-0.0310,0.005,-0.080
22.458,-0.3033,-0.0034,-0.0331,0.003,-0.038
22.511,-0.3032,-0.0034,-0.0310,0.002,0.040
22.564,-0.3036,-0.0034,-0.0298,-0.007,0.023
22.620,-0.3037,-0.0034,-0.0296,-0.002,0.004
22.673,-0.3037,-0.0034,-0.0296,0.000,0.000
22.725,-0.3037,-0.0034,-0.0296,0.000,0.000
22.779,-0.3037,-0.0034,-0.0296,0.000,0.000
22.832,-0.3037,-0.0034,-0.0296,0.000,0.000
22.885,-0.3037,-0.0034,-0.0296,0.000,0.000
22.939,-0.3037,-0.0034,-0.0296,0.000,0.000
22.992,-0.3037,-0.0034,-0.0296,0.000,0.000
23.025,-0.3037,-0.0034,-0.0296,0.000,0.000
23.028,-0.3037,-0.0034,-0.0296,-0.001,-0.021
23.131,-0.3037,-0.0034,-0.0373,0.000,-0.075
23.185,-0.3037,-0.0034,-0.0421,0.000,-0.088
23.240,-0.3037,-0.0034,-0.0471,0.000,-0.091
23.293,-0.3037,-0.0034,-0.0523,-0.001,-0.098
23.347,-0.3037,-0.0034,-0.0575,0.000,-0.096
23.401,-0.3037,-0.0034,-0.0601,0.001,-0.048
23.455,-0.3036,-0.0034,-0.0604,0.001,-0.006
23.509,-0.3035,-0.0034,-0.0601,0.003,0.006
23.524,-0.3034,-0.0034,-0.0600,0.003,0.006
23.526,-0.3034,-0.0034,-0.0598,-0.005,0.086
23.562,-0.3035,-0.0034,-0.0576,-0.003,0.061
23.590,-0.3035,-0.0034,-0.0566,0.001,0.036
23.606,-0.3035,-0.0034,-0.0562,0.000,0.030
23.639,-0.3035,-0.0034,-0.0546,0.001,0.048
23.676,-0.3035,-0.0034,-0.0515,0.000,0.084
23.713,-0.3035,-0.0034,-0.0478,0.000,0.097
23.742,-0.3035,-0.0034,-0.0450,0.000,0.099
23.813,-0.3035,-0.0034,-0.0380,0.000,0.099
23.838,-0.3035,-0.0034,-0.0355,0.000,0.099
23.841,-0.3035,-0.0034,-0.0352,0.000,0.098
23.873,-0.3035,-0.0034,-0.0320,0.000,0.098
23.906,-0.3035,-0.0034,-0.0288,0.000,0.099
23.940,-0.3035,-0.0034,-0.0255,0.000,0.098
23.973,-0.3035,-0.0034,-0.0223,0.000,0.097
24.014,-0.3035,-0.0034,-0.0182,0.000,0.098
24.041,-0.3035,-0.0034,-0.0156,0.000,0.098
24.073,-0.3035,-0.0034,-0.0126,0.000,0.095
24.108,-0.3035,-0.0034,-0.0094,0.000,0.090
24.140,-0.3035,-0.0034,-0.0066,0.000,0.088
24.182,-0.3034,-0.0034,-0.0028,0.001,0.091
24.209,-0.3034,-0.0034,-0.0003,0.000,0.093
24.246,-0.3035,-0.0034,0.0031,-0.001,0.092
24.275,-0.3035,-0.0034,0.0058,-0.002,0.091
24.310,-0.3036,-0.0034,0.0090,-0.001,0.091
24.344,-0.3036,-0.0034,0.0122,-0.001,0.093
24.378,-0.3036,-0.0034,0.0153,-0.001,0.092
24.407,-0.3036,-0.0034,0.0179,0.002,0.091
24.445,-0.3036,-0.0034,0.0214,0.001,0.093
24.477,-0.3035,-0.0034,0.0245,0.002,0.096
24.509,-0.3035,-0.0034,0.0276,0.001,0.098
24.543,-0.3035,-0.0034,0.0310,-0.001,0.100
24.646,-0.3035,-0.0034,0.0412,0.000,0.099
24.700,-0.3035,-0.0034,0.0465,0.000,0.098
24.753,-0.3035,-0.0034,0.0516,0.000,0.096
24.807,-0.3035,-0.0034,0.0569,0.000,0.097
24.862,-0.3035,-0.0034,0.0621,0.000,0.096
24.916,-0.3035,-0.0034,0.0641,0.000,0.037
24.970,-0.3036,-0.0034,0.0640,-0.002,-0.002
25.024,-0.3034,-0.0034,0.0597,0.004,-0.080
25.078,-0.3035,-0.0034,0.0583,-0.002,-0.026
25.130,-0.3035,-0.0034,0.0583,0.000,0.000
25.184,-0.3035,-0.0034,0.0583,0.000,0.000
25.238,-0.3035,-0.0034,0.0583,0.000,0.000
25.292,-0.3035,-0.0034,0.0583,0.000,0.000
25.346,-0.3035,-0.0034,0.0583,0.000,0.000
25.401,-0.3035,-0.0034,0.0583,0.000,0.000
25.455,-0.3035,-0.0034,0.0583,0.000,0.000
25.508,-0.3035,-0.0034,0.0583,0.000,0.000
25.562,-0.3035,-0.0034,0.0583,0.000,0.000
25.615,-0.3035,-0.0034,0.0583,0.000,0.000
25.668,-0.3035,-0.0034,0.0583,0.000,0.000
25.725,-0.3035,-0.0034,0.0583,0.000,0.000
25.728,-0.3035,-0.0034,0.0583,0.000,0.000
25.730,-0.3035,-0.0034,0.0582,-0.002,-0.037
25.834,-0.3035,-0.0034,0.0488,0.000,-0.091
25.887,-0.3035,-0.0034,0.0435,0.000,-0.098
25.941,-0.3035,-0.0034,0.0382,0.000,-0.099
25.994,-0.3035,-0.0034,0.0330,0.000,-0.098
26.048,-0.3035,-0.0034,0.0278,0.000,-0.096
26.103,-0.3034,-0.0034,0.0253,0.001,-0.045
26.156,-0.3034,-0.0034,0.0253,0.000,-0.001
26.209,-0.3034,-0.0034,0.0253,0.000,0.000
26.263,-0.3034,-0.0034,0.0253,0.000,0.000
26.317,-0.3034,-0.0034,0.0253,0.000,0.000
26.370,-0.3034,-0.0034,0.0253,0.000,0.000
26.425,-0.3034,-0.0034,0.0253,0.000,0.000
26.479,-0.3034,-0.0034,0.0253,0.000,0.000
26.533,-0.3034,-0.0034,0.0253,0.000,0.000
26.575,-0.3034,-0.0034,0.0253,0.000,0.000
26.578,-0.3034,-0.0034,0.0253,0.000,0.000
26.683,-0.3034,-0.0034,0.0253,0.000,0.000
26.737,-0.3034,-0.0034,0.0253,0.000,0.000
26.790,-0.3034,-0.0034,0.0253,0.000,0.000
26.844,-0.3034,-0.0034,0.0253,0.000,0.000
26.897,-0.3034,-0.0034,0.0253,0.000,0.000
26.950,-0.3034,-0.0034,0.0253,0.000,0.000
27.003,-0.3034,-0.0034,0.0253,0.000,0.000
27.057,-0.3034,-0.0034,0.0253,0.000,0.000
27.110,-0.3034,-0.0034,0.0253,0.000,0.000
27.167,-0.3034,-0.0034,0.0253,0.000,0.000
27.223,-0.3034,-0.0034,0.0253,0.000,0.000
27.278,-0.3034,-0.0034,0.0253,0.000,0.000
27.331,-0.3034,-0.0034,0.0253,0.000,0.000
27.385,-0.3034,-0.0034,0.0253,0.000,0.000
27.391,-0.3034,-0.0034,0.0253,0.000,0.000
27.394,-0.3034,-0.0034,0.0253,0.000,0.000
27.498,-0.3034,-0.0034,0.0253,0.000,0.000
27.552,-0.3034,-0.0034,0.0253,0.000,0.000
27.605,-0.3034,-0.0034,0.0253,0.000,0.000
27.660,-0.3034,-0.0034,0.0253,0.000,0.000
27.713,-0.3034,-0.0034,0.0253,0.000,0.000
27.767,-0.3034,-0.0034,0.0253,0.000,0.000
27.821,-0.3034,-0.0034,0.0253,0.000,0.000
27.876,-0.3034,-0.0034,0.0253,0.000,0.000
27.892,-0.3034,-0.0034,0.0253,0.000,0.000
27.894,-0.3034,-0.0034,0.0253,0.000,0.000
27.922,-0.3034,-0.0034,0.0254,0.001,0.003
27.958,-0.3032,-0.0034,0.0258,0.005,0.012
27.989,-0.3019,-0.0034,0.0264,0.042,0.019
28.023,-0.2997,-0.0033,0.0268,0.064,0.011
28.055,-0.2968,-0.0032,0.0269,0.092,0.005
28.092,-0.2934,-0.0032,0.0271,0.091,0.004
28.125,-0.2905,-0.0031,0.0270,0.090,-0.002
28.159,-0.2873,-0.0030,0.0270,0.094,-0.001
28.191,-0.2839,-0.0029,0.0270,0.103,0.000
28.223,-0.2805,-0.0028,0.0270,0.107,0.000
28.257,-0.2770,-0.0027,0.0270,0.107,0.000
28.272,-0.2754,-0.0027,0.0269,0.104,-0.002
28.307,-0.2718,-0.0026,0.0269,0.102,-0.002
28.341,-0.2683,-0.0025,0.0268,0.101,-0.002
28.375,-0.2649,-0.0024,0.0268,0.100,0.000
28.407,-0.2618,-0.0023,0.0268,0.099,0.000
28.437,-0.2588,-0.0022,0.0268,0.099,0.001
28.474,-0.2553,-0.0021,0.0269,0.097,0.002
28.507,-0.2521,-0.0020,0.0270,0.096,0.002
28.539,-0.2490,-0.0020,0.0270,0.097,0.001
28.572,-0.2458,-0.0019,0.0270,0.096,0.000
28.607,-0.2423,-0.0018,0.0270,0.100,0.001
28.690,-0.2338,-0.0015,0.0270,0.103,0.000
28.720,-0.2307,-0.0015,0.0270,0.103,0.000
28.723,-0.2304,-0.0015,0.0270,0.103,0.000
28.751,-0.2275,-0.0014,0.0270,0.102,-0.001
28.775,-0.2251,-0.0013,0.0270,0.101,-0.002
28.810,-0.2216,-0.0012,0.0270,0.100,0.000
28.841,-0.2185,-0.0011,0.0270,0.100,0.000
28.855,-0.2171,-0.0011,0.0270,0.097,0.002
28.959,-0.2071,-0.0008,0.0271,0.096,0.001
29.013,-0.2019,-0.0007,0.0271,0.099,0.000
29.066,-0.1964,-0.0005,0.0271,0.102,0.000
29.122,-0.1908,-0.0004,0.0270,0.101,-0.001
29.175,-0.1855,-0.0002,0.0269,0.099,-0.003
29.229,-0.1831,-0.0002,0.0266,0.044,-0.005
29.283,-0.1827,-0.0002,0.0266,0.007,0.000
29.337,-0.1826,-0.0002,0.0267,0.002,0.001
29.356,-0.1826,-0.0002,0.0267,0.000,0.000
29.359,-0.1826,-0.0002,0.0267,0.000,0.000
29.392,-0.1826,-0.0002,0.0267,0.000,0.000
29.423,-0.1826,-0.0002,0.0267,0.000,0.000
29.456,-0.1826,-0.0002,0.0259,0.000,-0.024
29.491,-0.1826,-0.0002,0.0229,0.000,-0.086
29.524,-0.1826,-0.0002,0.0198,0.001,-0.095
29.561,-0.1826,-0.0002,0.0162,0.001,-0.096
29.593,-0.1826,-0.0002,0.0131,0.000,-0.096
29.607,-0.1826,-0.0002,0.0117,0.000,-0.099
29.650,-0.1826,-0.0002,0.0076,-0.002,-0.097
29.673,-0.1828,-0.0002,0.0056,-0.007,-0.087
29.708,-0.1830,-0.0002,0.0024,-0.004,-0.088
29.741,-0.1830,-0.0002,-0.0005,-0.001,-0.091
29.773,-0.1829,-0.0002,-0.0034,0.002,-0.092
29.807,-0.1829,-0.0002,-0.0066,0.000,-0.092
29.840,-0.1829,-0.0002,-0.0096,0.002,-0.091
29.875,-0.1826,-0.0002,-0.0126,0.006,-0.085
29.911,-0.1826,-0.0002,-0.0159,0.002,-0.094
29.965,-0.1825,-0.0002,-0.0210,0.002,-0.094
29.972,-0.1825,-0.0002,-0.0217,-0.004,-0.097
30.077,-0.1825,-0.0002,-0.0318,0.000,-0.096
30.132,-0.1824,-0.0002,-0.0371,0.001,-0.096
30.186,-0.1824,-0.0002,-0.0424,0.001,-0.099
30.240,-0.1824,-0.0002,-0.0478,0.000,-0.100
30.293,-0.1824,-0.0002,-0.0529,-0.001,-0.096
30.347,-0.1824,-0.0002,-0.0547,0.000,-0.033
30.400,-0.1827,-0.0002,-0.0519,-0.004,0.053
30.454,-0.1828,-0.0001,-0.0502,-0.003,0.032
30.508,-0.1830,-0.0001,-0.0495,-0.003,0.012
30.560,-0.1830,-0.0001,-0.0495,0.000,0.000
30.613,-0.1830,-0.0001,-0.0495,0.000,0.000
30.666,-0.1830,-0.0001,-0.0495,0.000,0.000
30.689,-0.1830,-0.0001,-0.0495,0.000,0.000
30.691,-0.1830,-0.0001,-0.0495,0.000,0.000
30.796,-0.1830,-0.0001,-0.0495,0.000,0.000
30.857,-0.1830,-0.0001,-0.0495,0.000,0.000
30.911,-0.1830,-0.0001,-0.0495,0.000,0.000
30.966,-0.1830,-0.0001,-0.0495,0.000,0.000
31.021,-0.1830,-0.0001,-0.0495,0.000,0.000
31.074,-0.1830,-0.0001,-0.0495,0.000,0.000
31.128,-0.1830,-0.0001,-0.0495,0.000,0.000
31.181,-0.1830,-0.0001,-0.0495,0.000,0.000
31.191,-0.1830,-0.0001,-0.0495,0.000,0.000
31.194,-0.1830,-0.0001,-0.0495,0.000,0.000
31.226,-0.1830,-0.0001,-0.0495,0.000,0.000
31.258,-0.1830,-0.0001,-0.0495,0.000,0.000
31.291,-0.1829,-0.0001,-0.0490,0.001,0.017
31.325,-0.1829,-0.0001,-0.0473,0.001,0.050
31.358,-0.1829,-0.0001,-0.0443,0.000,0.088
31.391,-0.1829,-0.0001,-0.0412,0.000,0.097
31.425,-0.1829,-0.0001,-0.0378,0.000,0.098
31.457,-0.1829,-0.0001,-0.0346,0.000,0.099
31.490,-0.1829,-0.0001,-0.0314,0.000,0.098
31.524,-0.1829,-0.0001,-0.0281,0.000,0.099
31.560,-0.1829,-0.0001,-0.0245,0.000,0.098
31.664,-0.1829,-0.0001,-0.0144,0.000,0.098
31.717,-0.1830,-0.0001,-0.0094,-0.001,0.093
31.771,-0.1830,-0.0001,-0.0042,0.000,0.096
31.825,-0.1827,-0.0001,0.0006,0.004,0.088
31.879,-0.1826,-0.0001,0.0053,0.003,0.088
31.932,-0.1826,-0.0001,0.0071,-0.001,0.034
31.986,-0.1827,-0.0001,0.0063,-0.002,-0.015
32.040,-0.1827,-0.0001,0.0051,0.001,-0.023
32.093,-0.1827,-0.0001,0.0047,-0.001,-0.007
32.148,-0.1827,-0.0001,0.0047,0.000,0.000
32.202,-0.1827,-0.0001,0.0047,0.000,0.000
32.255,-0.1827,-0.0001,0.0047,0.000,0.000
32.310,-0.1827,-0.0001,0.0047,0.000,0.000
32.364,-0.1827,-0.0001,0.0047,0.000,0.000
32.418,-0.1827,-0.0001,0.0047,0.000,0.000
32.472,-0.1827,-0.0001,0.0047,0.000,0.000
32.476,-0.1827,-0.0001,0.0047,0.000,0.000
32.479,-0.1827,-0.0001,0.0045,0.000,-0.062
32.582,-0.1827,-0.0001,-0.0049,0.000,-0.091
32.635,-0.1827,-0.0001,-0.0101,0.000,-0.098
32.688,-0.1827,-0.0001,-0.0153,0.000,-0.098
32.742,-0.1827,-0.0001,-0.0206,0.000,-0.098
32.795,-0.1827,-0.0001,-0.0258,0.000,-0.099
32.850,-0.1827,-0.0001,-0.0275,0.000,-0.031
32.903,-0.1827,-0.0001,-0.0276,0.000,-0.002
32.956,-0.1827,-0.0001,-0.0276,0.000,0.000
32.985,-0.1827,-0.0001,-0.0276,0.000,0.000
32.988,-0.1827,-0.0001,-0.0276,0.000,0.000
33.007,-0.1827,-0.0001,-0.0276,0.000,0.000
33.046,-0.1827,-0.0001,-0.0276,0.000,0.000
33.073,-0.1827,-0.0001,-0.0272,0.000,0.017
33.108,-0.1827,-0.0001,-0.0245,0.001,0.077
33.145,-0.1827,-0.0001,-0.0210,0.000,0.094
33.175,-0.1827,-0.0001,-0.0181,0.000,0.098
33.209,-0.1827,-0.0001,-0.0147,0.000,0.098
33.244,-0.1827,-0.0001,-0.0113,0.000,0.099
33.276,-0.1828,-0.0001,-0.0084,-0.002,0.092
33.380,-0.1827,-0.0001,0.0012,0.001,0.092
33.433,-0.1824,-0.0001,0.0058,0.005,0.086
33.486,-0.1825,-0.0001,0.0107,-0.001,0.094
33.540,-0.1825,-0.0001,0.0156,0.000,0.091
33.593,-0.1825,-0.0001,0.0205,0.000,0.090
33.647,-0.1825,-0.0001,0.0225,-0.001,0.037
33.700,-0.1826,-0.0001,0.0211,-0.002,-0.025
33.754,-0.1825,-0.0001,0.0189,0.003,-0.041
33.808,-0.1824,-0.0001,0.0183,0.001,-0.012
33.862,-0.1824,-0.0001,0.0183,0.000,0.000
33.915,-0.1824,-0.0001,0.0183,0.000,0.000
33.968,-0.1824,-0.0001,0.0183,0.000,0.000
34.021,-0.1824,-0.0001,0.0183,0.000,0.000
34.040,-0.1824,-0.0001,0.0183,0.000,0.000
34.042,-0.1824,-0.0001,0.0182,-0.001,-0.059
34.146,-0.1824,-0.0001,0.0085,0.000,-0.093
34.199,-0.1824,-0.0001,0.0032,0.000,-0.098
34.253,-0.1824,-0.0001,-0.0020,0.000,-0.098
34.305,-0.1824,-0.0001,-0.0071,0.000,-0.098
34.359,-0.1824,-0.0001,-0.0123,0.000,-0.098
34.411,-0.1824,-0.0001,-0.0141,0.001,-0.033
34.464,-0.1824,-0.0001,-0.0142,0.000,-0.002
34.517,-0.1824,-0.0001,-0.0142,0.000,0.000
34.540,-0.1824,-0.0001,-0.0142,0.000,0.000
34.542,-0.1824,-0.0001,-0.0142,0.000,0.000
34.571,-0.1824,-0.0001,-0.0142,0.000,0.000
34.607,-0.1824,-0.0001,-0.0142,0.000,0.000
34.638,-0.1814,-0.0002,-0.0140,0.031,0.006
34.672,-0.1787,-0.0002,-0.0138,0.078,0.005
34.705,-0.1756,-0.0002,-0.0137,0.095,0.004
34.740,-0.1722,-0.0003,-0.0135,0.095,0.007
34.772,-0.1693,-0.0003,-0.0134,0.091,0.002
34.805,-0.1663,-0.0004,-0.0134,0.093,-0.001
34.841,-0.1627,-0.0004,-0.0135,0.098,-0.001
34.874,-0.1593,-0.0005,-0.0135,0.105,0.000
34.910,-0.1555,-0.0005,-0.0135,0.106,0.000
34.927,-0.1537,-0.0005,-0.0135,0.106,-0.001
34.954,-0.1509,-0.0006,-0.0135,0.101,-0.002
35.012,-0.1451,-0.0006,-0.0136,0.101,-0.001
35.020,-0.1442,-0.0007,-0.0136,0.100,-0.001
35.055,-0.1408,-0.0007,-0.0136,0.099,0.000
35.089,-0.1376,-0.0008,-0.0135,0.097,0.002
35.122,-0.1343,-0.0008,-0.0135,0.096,0.000
35.156,-0.1312,-0.0008,-0.0136,0.095,-0.001
35.195,-0.1274,-0.0009,-0.0135,0.097,0.001
35.223,-0.1245,-0.0009,-0.0135,0.100,0.000
35.266,-0.1202,-0.0010,-0.0135,0.100,0.000
35.289,-0.1179,-0.0010,-0.0136,0.101,-0.001
35.323,-0.1145,-0.0011,-0.0136,0.101,0.000
35.357,-0.1111,-0.0011,-0.0135,0.099,0.001
35.461,-0.1010,-0.0012,-0.0134,0.097,0.001
35.514,-0.0959,-0.0013,-0.0134,0.097,0.000
35.568,-0.0906,-0.0014,-0.0134,0.099,0.000
35.621,-0.0853,-0.0015,-0.0134,0.099,0.000
35.674,-0.0803,-0.0015,-0.0134,0.095,0.000
35.727,-0.0785,-0.0015,-0.0139,0.033,-0.009
35.781,-0.0783,-0.0016,-0.0139,0.004,0.000
35.834,-0.0783,-0.0016,-0.0139,0.000,0.000
35.888,-0.0783,-0.0016,-0.0139,0.000,0.000
35.940,-0.0783,-0.0016,-0.0139,0.000,0.000
35.994,-0.0783,-0.0016,-0.0139,0.000,0.000
36.048,-0.0783,-0.0016,-0.0139,0.000,0.000
36.074,-0.0783,-0.0016,-0.0139,0.000,0.000
36.077,-0.0783,-0.0016,-0.0137,-0.001,0.060
36.181,-0.0783,-0.0016,-0.0040,0.000,0.094
36.234,-0.0785,-0.0016,0.0009,-0.003,0.092
36.287,-0.0788,-0.0016,0.0055,-0.006,0.087
36.340,-0.0788,-0.0016,0.0105,-0.001,0.094
36.393,-0.0788,-0.0016,0.0155,0.001,0.094
36.445,-0.0785,-0.0015,0.0168,0.006,0.025
36.499,-0.0779,-0.0015,0.0163,0.011,-0.009
36.555,-0.0776,-0.0015,0.0159,0.004,-0.007
36.609,-0.0776,-0.0015,0.0159,0.000,0.000
36.661,-0.0776,-0.0015,0.0159,0.000,-0.001
36.717,-0.0776,-0.0015,0.0159,0.000,0.000
36.771,-0.0776,-0.0015,0.0159,0.000,0.000
36.824,-0.0776,-0.0015,0.0159,0.000,0.000
36.878,-0.0776,-0.0015,0.0159,0.000,0.000
36.933,-0.0776,-0.0015,0.0159,0.000,0.000
36.986,-0.0776,-0.0015,0.0159,0.000,0.000
37.040,-0.0776,-0.0015,0.0159,0.000,0.000
37.093,-0.0776,-0.0015,0.0159,0.000,0.000
37.145,-0.0776,-0.0015,0.0159,0.000,0.000
37.201,-0.0776,-0.0015,0.0159,0.000,0.000
37.255,-0.0776,-0.0015,0.0159,0.000,0.000
37.309,-0.0776,-0.0015,0.0159,0.000,0.000
37.364,-0.0776,-0.0015,0.0159,0.000,0.000
37.418,-0.0776,-0.0015,0.0159,0.000,0.000
37.474,-0.0776,-0.0015,0.0159,0.000,0.000
37.527,-0.0776,-0.0015,0.0159,0.000,0.000
37.581,-0.0776,-0.0015,0.0159,0.000,0.000
37.635,-0.0776,-0.0015,0.0159,0.000,0.000
37.689,-0.0776,-0.0015,0.0159,0.000,0.000
37.741,-0.0776,-0.0015,0.0159,0.000,0.000
37.795,-0.0776,-0.0015,0.0159,0.000,0.000
37.843,-0.0776,-0.0015,0.0159,0.000,0.000
37.845,-0.0776,-0.0015,0.0159,0.000,0.000
37.948,-0.0776,-0.0015,0.0159,0.000,0.000
38.002,-0.0776,-0.0015,0.0159,0.000,0.000
38.056,-0.0776,-0.0015,0.0159,0.000,0.000
38.109,-0.0776,-0.0015,0.0159,0.000,0.000
38.164,-0.0776,-0.0015,0.0159,0.000,0.000
38.220,-0.0776,-0.0015,0.0159,0.000,0.000
38.274,-0.0776,-0.0015,0.0159,0.000,0.000
38.327,-0.0776,-0.0015,0.0159,0.000,0.000
38.358,-0.0776,-0.0015,0.0159,0.000,0.000
38.361,-0.0776,-0.0015,0.0159,0.000,0.000
38.389,-0.0776,-0.0015,0.0159,0.000,0.000
38.392,-0.0776,-0.0015,0.0159,0.000,0.000
38.423,-0.0776,-0.0015,0.0159,0.000,0.000
38.456,-0.0783,-0.0015,0.0157,-0.021,-0.006
38.491,-0.0807,-0.0016,0.0156,-0.068,-0.004
38.525,-0.0839,-0.0016,0.0153,-0.092,-0.007
38.562,-0.0875,-0.0017,0.0153,-0.098,0.000
38.590,-0.0903,-0.0017,0.0154,-0.100,0.002
38.628,-0.0941,-0.0018,0.0155,-0.101,0.004
38.663,-0.0976,-0.0018,0.0157,-0.101,0.004
38.688,-0.1002,-0.0019,0.0158,-0.101,0.004
38.726,-0.1040,-0.0019,0.0159,-0.101,0.003
38.755,-0.1069,-0.0020,0.0159,-0.100,0.001
38.859,-0.1171,-0.0022,0.0161,-0.098,0.002
38.913,-0.1224,-0.0022,0.0162,-0.097,0.001
38.966,-0.1275,-0.0023,0.0160,-0.097,-0.003
39.020,-0.1328,-0.0024,0.0159,-0.098,-0.002
39.074,-0.1381,-0.0025,0.0159,-0.099,0.000
39.104,-0.1411,-0.0025,0.0159,-0.099,0.000
39.107,-0.1411,-0.0025,0.0159,-0.019,-0.010
39.210,-0.1436,-0.0026,0.0111,-0.024,-0.046
39.264,-0.1441,-0.0026,0.0102,-0.009,-0.017
39.318,-0.1442,-0.0026,0.0101,-0.001,-0.002
39.371,-0.1442,-0.0026,0.0101,0.000,0.000
39.427,-0.1442,-0.0026,0.0101,0.000,0.000
39.483,-0.1442,-0.0026,0.0101,0.000,0.000
39.537,-0.1442,-0.0026,0.0101,0.000,0.000
39.590,-0.1442,-0.0026,0.0101,0.000,0.000
39.607,-0.1442,-0.0026,0.0101,0.000,0.000
39.610,-0.1442,-0.0026,0.0101,0.000,0.000
39.647,-0.1442,-0.0026,0.0101,0.000,0.000
39.684,-0.1442,-0.0026,0.0101,0.000,0.000
39.704,-0.1447,-0.0026,0.0101,-0.027,0.003
39.744,-0.1467,-0.0026,0.0100,-0.050,-0.005
39.775,-0.1493,-0.0026,0.0098,-0.084,-0.006
39.808,-0.1524,-0.0027,0.0095,-0.094,-0.008
39.843,-0.1557,-0.0027,0.0093,-0.096,-0.006
39.875,-0.1590,-0.0027,0.0093,-0.099,-0.001
39.908,-0.1623,-0.0028,0.0095,-0.102,0.006
40.012,-0.1728,-0.0029,0.0099,-0.101,0.004
40.067,-0.1783,-0.0029,0.0099,-0.100,0.000
40.121,-0.1837,-0.0030,0.0099,-0.100,0.000
40.176,-0.1891,-0.0030,0.0099,-0.099,0.000
40.229,-0.1942,-0.0031,0.0099,-0.095,0.000
40.282,-0.1971,-0.0031,0.0097,-0.054,-0.004
40.336,-0.1979,-0.0031,0.0082,-0.015,-0.027
40.390,-0.1982,-0.0031,0.0076,-0.006,-0.011
40.443,-0.1982,-0.0031,0.0076,0.000,0.000
40.496,-0.1982,-0.0031,0.0076,0.000,0.000
40.550,-0.1982,-0.0031,0.0076,0.000,0.000
40.603,-0.1982,-0.0031,0.0076,0.000,0.000
40.643,-0.1982,-0.0031,0.0076,0.000,0.000
40.645,-0.1982,-0.0031,0.0076,0.000,0.000
58.277,-0.1982,-0.0031,0.0076,0.000,0.000
58.329,-0.1982,-0.0031,0.0076,0.000,0.000
58.383,-0.1982,-0.0031,0.0076,0.000,0.000
58.435,-0.1982,-0.0031,0.0076,0.000,0.000
58.491,-0.1982,-0.0031,0.0076,0.000,0.000
58.545,-0.1982,-0.0031,0.0076,0.000,0.000
58.598,-0.1982,-0.0031,0.0076,0.000,0.000
58.652,-0.1982,-0.0031,0.0076,0.000,0.000
58.705,-0.1982,-0.0031,0.0076,0.000,0.000
58.758,-0.1982,-0.0031,0.0076,0.000,0.000
58.811,-0.1982,-0.0031,0.0076,0.000,0.000
58.864,-0.1982,-0.0031,0.0076,0.000,0.000
58.917,-0.1982,-0.0031,0.0076,0.000,0.000
58.971,-0.1982,-0.0031,0.0076,0.000,0.000
59.024,-0.1982,-0.0031,0.0076,0.000,0.000
59.076,-0.1982,-0.0031,0.0076,0.000,0.000
59.129,-0.1982,-0.0031,0.0076,0.000,0.000
59.183,-0.1982,-0.0031,0.0076,0.000,0.000
59.238,-0.1982,-0.0031,0.0076,0.000,0.000
59.292,-0.1982,-0.0031,0.0076,0.000,0.000
59.345,-0.1982,-0.0031,0.0076,0.000,0.000
59.398,-0.1982,-0.0031,0.0076,0.000,0.000
59.452,-0.1982,-0.0031,0.0076,0.000,0.000
59.504,-0.1982,-0.0031,0.0076,0.000,0.000
59.558,-0.1982,-0.0031,0.0076,0.000,0.000
59.611,-0.1982,-0.0031,0.0076,0.000,0.000
59.664,-0.1982,-0.0031,0.0076,0.000,0.000
59.718,-0.1982,-0.0031,0.0076,0.000,0.000
59.774,-0.1982,-0.0031,0.0076,0.000,0.000
59.827,-0.1982,-0.0031,0.0076,0.000,0.000
59.882,-0.1982,-0.0031,0.0076,0.000,0.000
59.937,-0.1982,-0.0031,0.0076,0.000,0.000
59.991,-0.1982,-0.0031,0.0076,0.000,0.000
60.045,-0.1982,-0.0031,0.0076,0.000,0.000
60.099,-0.1982,-0.0031,0.0076,0.000,0.000
60.153,-0.1982,-0.0031,0.0076,0.000,0.000
60.206,-0.1982,-0.0031,0.0076,0.000,0.000
60.260,-0.1982,-0.0031,0.0076,0.000,0.000
60.314,-0.1982,-0.0031,0.0076,0.000,0.000
60.369,-0.1982,-0.0031,0.0076,0.000,0.000
60.424,-0.1982,-0.0031,0.0076,0.000,0.000
60.479,-0.1982,-0.0031,0.0076,0.000,0.000
60.532,-0.1982,-0.0031,0.0076,0.000,0.000
60.586,-0.1982,-0.0031,0.0076,0.000,0.000
60.640,-0.1982,-0.0031,0.0076,0.000,0.000
60.696,-0.1982,-0.0031,0.0076,0.000,0.000
60.750,-0.1982,-0.0031,0.0076,0.000,0.000
60.805,-0.1982,-0.0031,0.0076,0.000,0.000
60.858,-0.1982,-0.0031,0.0076,0.000,0.000
60.913,-0.1982,-0.0031,0.0076,0.000,0.000
60.968,-0.1982,-0.0031,0.0076,0.000,0.000
61.022,-0.1982,-0.0031,0.0076,0.000,0.000
61.076,-0.1982,-0.0031,0.0076,0.000,0.000
61.129,-0.1982,-0.0031,0.0076,0.000,0.000
61.184,-0.1982,-0.0031,0.0076,0.000,0.000
61.238,-0.1982,-0.0031,0.0076,0.000,0.000
61.292,-0.1982,-0.0031,0.0076,0.000,0.000
61.346,-0.1982,-0.0031,0.0076,0.000,0.000
61.400,-0.1982,-0.0031,0.0076,0.000,0.000
61.454,-0.1982,-0.0031,0.0076,0.000,0.000
61.508,-0.1982,-0.0031,0.0076,0.000,0.000
61.560,-0.1982,-0.0031,0.0076,0.000,0.000
61.614,-0.1982,-0.0031,0.0076,0.000,0.000
61.670,-0.1982,-0.0031,0.0076,0.000,0.000
61.724,-0.1982,-0.0031,0.0076,0.000,0.000
61.778,-0.1982,-0.0031,0.0076,0.000,0.000
61.831,-0.1982,-0.0031,0.0076,0.000,0.000
61.887,-0.1982,-0.0031,0.0076,0.000,0.000
61.942,-0.1982,-0.0031,0.0076,0.000,0.000
61.997,-0.1982,-0.0031,0.0076,0.000,0.000
62.051,-0.1982,-0.0031,0.0076,0.000,0.000
62.105,-0.1982,-0.0031,0.0076,0.000,0.000
62.160,-0.1982,-0.0031,0.0076,0.000,0.000
62.220,-0.1982,-0.0031,0.0076,0.000,0.000
62.274,-0.1982,-0.0031,0.0076,0.000,0.000
62.327,-0.1982,-0.0031,0.0076,0.000,0.000
62.382,-0.1982,-0.0031,0.0076,0.000,0.000
62.436,-0.1982,-0.0031,0.0076,0.000,0.000
62.489,-0.1982,-0.0031,0.0076,0.000,0.000
62.544,-0.1982,-0.0031,0.0076,0.000,0.000
62.598,-0.1982,-0.0031,0.0076,0.000,0.000
62.651,-0.1982,-0.0031,0.0076,0.000,0.000
62.704,-0.1982,-0.0031,0.0076,0.000,0.000
62.758,-0.1982,-0.0031,0.0076,0.000,0.000
62.811,-0.1982,-0.0031,0.0076,0.000,0.000
62.865,-0.1982,-0.0031,0.0076,0.000,0.000
62.920,-0.1982,-0.0031,0.0076,0.000,0.000
62.973,-0.1982,-0.0031,0.0076,0.000,0.000
63.028,-0.1982,-0.0031,0.0076,0.000,0.000
63.082,-0.1982,-0.0031,0.0076,0.000,0.000
63.134,-0.1982,-0.0031,0.0076,0.000,0.000
63.189,-0.1982,-0.0031,0.0076,0.000,0.000
63.244,-0.1982,-0.0031,0.0076,0.000,0.000
63.299,-0.1982,-0.0031,0.0076,0.000,0.000
63.353,-0.1982,-0.0031,0.0076,0.000,0.000
63.406,-0.1982,-0.0031,0.0076,0.000,0.000
63.459,-0.1982,-0.0031,0.0076,0.000,0.000
63.513,-0.1982,-0.0031,0.0076,0.000,0.000
63.566,-0.1982,-0.0031,0.0076,0.000,0.000
63.619,-0.1982,-0.0031,0.0076,0.000,0.000
63.675,-0.1982,-0.0031,0.0076,0.000,0.000
63.728,-0.1982,-0.0031,0.0076,0.000,0.000
63.782,-0.1982,-0.0031,0.0076,0.000,0.000
63.835,-0.1982,-0.0031,0.0076,0.000,0.000
63.888,-0.1982,-0.0031,0.0076,0.000,0.000
63.942,-0.1982,-0.0031,0.0076,0.000,0.000
63.995,-0.1982,-0.0031,0.0076,0.000,0.000
64.048,-0.1982,-0.0031,0.0076,0.000,0.000
64.102,-0.1982,-0.0031,0.0076,0.000,0.000
64.155,-0.1982,-0.0031,0.0076,0.000,0.000
64.208,-0.1982,-0.0031,0.0076,0.000,0.000
64.262,-0.1982,-0.0031,0.0076,0.000,0.000
64.315,-0.1982,-0.0031,0.0076,0.000,0.000
64.368,-0.1982,-0.0031,0.0076,0.000,0.000
64.424,-0.1982,-0.0031,0.0076,0.000,0.000
64.477,-0.1982,-0.0031,0.0076,0.000,0.000
64.530,-0.1982,-0.0031,0.0076,0.000,0.000
64.583,-0.1982,-0.0031,0.0076,0.000,0.000
64.637,-0.1982,-0.0031,0.0076,0.000,0.000
64.689,-0.1982,-0.0031,0.0076,0.000,0.000
64.744,-0.1982,-0.0031,0.0076,0.000,0.000
64.799,-0.1982,-0.0031,0.0076,0.000,0.000
64.853,-0.1982,-0.0031,0.0076,0.000,0.000
64.906,-0.1982,-0.0031,0.0076,0.000,0.000
64.960,-0.1982,-0.0031,0.0076,0.000,0.000
65.013,-0.1982,-0.0031,0.0076,0.000,0.000
65.066,-0.1982,-0.0031,0.0076,0.000,0.000
65.120,-0.1982,-0.0031,0.0076,0.000,0.000
65.173,-0.1982,-0.0031,0.0076,0.000,0.000
65.227,-0.1982,-0.0031,0.0076,0.000,0.000
65.281,-0.1982,-0.0031,0.0076,0.000,0.000
65.334,-0.1982,-0.0031,0.0076,0.000,0.000
65.388,-0.1982,-0.0031,0.0076,0.000,0.000
65.442,-0.1982,-0.0031,0.0076,0.000,0.000
65.495,-0.1982,-0.0031,0.0076,0.000,0.000
65.548,-0.1982,-0.0031,0.0076,0.000,0.000
65.602,-0.1982,-0.0031,0.0076,0.000,0.000
65.655,-0.1982,-0.0031,0.0076,0.000,0.000
65.709,-0.1982,-0.0031,0.0076,0.000,0.000
65.762,-0.1982,-0.0031,0.0076,0.000,0.000
65.814,-0.1982,-0.0031,0.0076,0.000,0.000
65.867,-0.1982,-0.0031,0.0076,0.000,0.000
65.922,-0.1982,-0.0031,0.0076,0.000,0.000
65.976,-0.1982,-0.0031,0.0076,0.000,0.000
66.029,-0.1982,-0.0031,0.0076,0.000,0.000
66.083,-0.1982,-0.0031,0.0076,0.000,0.000
66.136,-0.1982,-0.0031,0.0076,0.000,0.000
66.190,-0.1982,-0.0031,0.0076,0.000,0.000
66.244,-0.1982,-0.0031,0.0076,0.000,0.000
66.298,-0.1982,-0.0031,0.0076,0.000,0.000
66.351,-0.1982,-0.0031,0.0076,0.000,0.000
66.405,-0.1982,-0.0031,0.0076,0.000,0.000
66.459,-0.1982,-0.0031,0.0076,0.000,0.000
66.512,-0.1982,-0.0031,0.0076,0.000,0.000
66.566,-0.1982,-0.0031,0.0076,0.000,0.000
66.623,-0.1982,-0.0031,0.0076,0.000,0.000
66.675,-0.1982,-0.0031,0.0076,0.000,0.000
66.728,-0.1982,-0.0031,0.0076,0.000,0.000
66.781,-0.1982,-0.0031,0.0076,0.000,0.000
66.834,-0.1982,-0.0031,0.0076,0.000,0.000
66.888,-0.1982,-0.0031,0.0076,0.000,0.000
66.942,-0.1982,-0.0031,0.0076,0.000,0.000
66.996,-0.1982,-0.0031,0.0076,0.000,0.000
67.049,-0.1982,-0.0031,0.0076,0.000,0.000
67.103,-0.1982,-0.0031,0.0076,0.000,0.000
67.157,-0.1982,-0.0031,0.0076,0.000,0.000
67.210,-0.1982,-0.0031,0.0076,0.000,0.000
67.266,-0.1982,-0.0031,0.0076,0.000,0.000
67.319,-0.1982,-0.0031,0.0076,0.000,0.000
67.374,-0.1982,-0.0031,0.0076,0.000,0.000
67.427,-0.1982,-0.0031,0.0076,0.000,0.000
67.481,-0.1982,-0.0031,0.0076,0.000,0.000
67.534,-0.1982,-0.0031,0.0076,0.000,0.000
67.588,-0.1982,-0.0031,0.0076,0.000,0.000
67.641,-0.1982,-0.0031,0.0076,0.000,0.000
67.694,-0.1982,-0.0031,0.0076,0.000,0.000
67.747,-0.1982,-0.0031,0.0076,0.000,0.000
67.801,-0.1982,-0.0031,0.0076,0.000,0.000
67.855,-0.1982,-0.0031,0.0076,0.000,0.000
67.909,-0.1982,-0.0031,0.0076,0.000,0.000
67.963,-0.1982,-0.0031,0.0076,0.000,0.000
68.016,-0.1982,-0.0031,0.0076,0.000,0.000
68.069,-0.1982,-0.0031,0.0076,0.000,0.000
68.125,-0.1982,-0.0031,0.0076,0.000,0.000
68.179,-0.1982,-0.0031,0.0076,0.000,0.000
68.232,-0.1982,-0.0031,0.0076,0.000,0.000
68.285,-0.1982,-0.0031,0.0076,0.000,0.000
68.338,-0.1982,-0.0031,0.0076,0.000,0.000
68.392,-0.1982,-0.0031,0.0076,0.000,0.000
68.445,-0.1982,-0.0031,0.0076,0.000,0.000
68.498,-0.1982,-0.0031,0.0076,0.000,0.000
68.551,-0.1982,-0.0031,0.0076,0.000,0.000
68.605,-0.1982,-0.0031,0.0076,0.000,0.000
68.658,-0.1982,-0.0031,0.0076,0.000,0.000
68.711,-0.1982,-0.0031,0.0076,0.000,0.000
68.765,-0.1982,-0.0031,0.0076,0.000,0.000
68.819,-0.1982,-0.0031,0.0076,0.000,0.000
68.872,-0.1982,-0.0031,0.0076,0.000,0.000
68.926,-0.1982,-0.0031,0.0076,0.000,0.000
68.978,-0.1982,-0.0031,0.0076,0.000,0.000
69.032,-0.1982,-0.0031,0.0076,0.000,0.000
69.085,-0.1982,-0.0031,0.0076,0.000,0.000
69.139,-0.1982,-0.0031,0.0076,0.000,0.000
69.192,-0.1982,-0.0031,0.0076,0.000,0.000
69.246,-0.1982,-0.0031,0.0076,0.000,0.000
69.299,-0.1982,-0.0031,0.0076,0.000,0.000
69.351,-0.1982,-0.0031,0.0076,0.000,0.000
69.404,-0.1982,-0.0031,0.0076,0.000,0.000
69.458,-0.1982,-0.0031,0.0076,0.000,0.000
69.511,-0.1982,-0.0031,0.0076,0.000,0.000
69.567,-0.1982,-0.0031,0.0076,0.000,0.000
69.620,-0.1982,-0.0031,0.0076,0.000,0.000
69.673,-0.1982,-0.0031,0.0076,0.000,0.000
69.727,-0.1982,-0.0031,0.0076,0.000,0.000
69.779,-0.1982,-0.0031,0.0076,0.000,0.000
69.832,-0.1982,-0.0031,0.0076,0.000,0.000
69.885,-0.1982,-0.0031,0.0076,0.000,0.000
69.938,-0.1982,-0.0031,0.0076,0.000,0.000
69.992,-0.1982,-0.0031,0.0076,0.000,0.000
70.047,-0.1982,-0.0031,0.0076,0.000,0.000
70.100,-0.1982,-0.0031,0.0076,0.000,0.000
70.154,-0.1982,-0.0031,0.0076,0.000,0.000
70.207,-0.1982,-0.0031,0.0076,0.000,0.000
70.261,-0.1982,-0.0031,0.0076,0.000,0.000
70.316,-0.1982,-0.0031,0.0076,0.000,0.000
70.369,-0.1982,-0.0031,0.0076,0.000,0.000
70.423,-0.1982,-0.0031,0.0076,0.000,0.000
70.477,-0.1982,-0.0031,0.0076,0.000,0.000
70.531,-0.1982,-0.0031,0.0076,0.000,0.000
70.585,-0.1982,-0.0031,0.0076,0.000,0.000
70.639,-0.1982,-0.0031,0.0076,0.000,0.000
70.692,-0.1982,-0.0031,0.0076,0.000,0.000
70.746,-0.1982,-0.0031,0.0076,0.000,0.000
70.799,-0.1982,-0.0031,0.0076,0.000,0.000
70.852,-0.1982,-0.0031,0.0076,0.000,0.000
70.906,-0.1982,-0.0031,0.0076,0.000,0.000
70.961,-0.1982,-0.0031,0.0076,0.000,0.000
71.015,-0.1982,-0.0031,0.0076,0.000,0.000
71.072,-0.1982,-0.0031,0.0076,0.000,0.000
71.126,-0.1982,-0.0031,0.0076,0.000,0.000
71.180,-0.1982,-0.0031,0.0076,0.000,0.000
71.233,-0.1982,-0.0031,0.0076,0.000,0.000
71.286,-0.1982,-0.0031,0.0076,0.000,0.000
71.339,-0.1982,-0.0031,0.0076,0.000,0.000
71.392,-0.1982,-0.0031,0.0076,0.000,0.000
71.444,-0.1982,-0.0031,0.0076,0.000,0.000
71.497,-0.1982,-0.0031,0.0076,0.000,0.000
71.551,-0.1982,-0.0031,0.0076,0.000,0.000
71.605,-0.1982,-0.0031,0.0076,0.000,0.000
71.657,-0.1982,-0.0031,0.0076,0.000,0.000
71.711,-0.1982,-0.0031,0.0076,0.000,0.000
71.765,-0.1982,-0.0031,0.0076,0.000,0.000
71.818,-0.1982,-0.0031,0.0076,0.000,0.000
71.871,-0.1982,-0.0031,0.0076,0.000,0.000
71.924,-0.1982,-0.0031,0.0076,0.000,0.000
71.978,-0.1982,-0.0031,0.0076,0.000,0.000
72.032,-0.1982,-0.0031,0.0076,0.000,0.000
72.086,-0.1982,-0.0031,0.0076,0.000,0.000
72.140,-0.1982,-0.0031,0.0076,0.000,0.000
72.194,-0.1982,-0.0031,0.0076,0.000,0.000
72.248,-0.1982,-0.0031,0.0076,0.000,0.000
72.302,-0.1982,-0.0031,0.0076,0.000,0.000
72.355,-0.1982,-0.0031,0.0076,0.000,0.000
72.408,-0.1982,-0.0031,0.0076,0.000,0.000
72.462,-0.1982,-0.0031,0.0076,0.000,0.000
72.515,-0.1982,-0.0031,0.0076,0.000,0.000
72.569,-0.1982,-0.0031,0.0076,0.000,0.000
72.621,-0.1982,-0.0031,0.0076,0.000,0.000
72.674,-0.1982,-0.0031,0.0076,0.000,0.000
72.726,-0.1982,-0.0031,0.0076,0.000,0.000
72.778,-0.1982,-0.0031,0.0076,0.000,0.000
72.831,-0.1982,-0.0031,0.0076,0.000,0.000
72.884,-0.1982,-0.0031,0.0076,0.000,0.000
72.936,-0.1982,-0.0031,0.0076,0.000,0.000
72.989,-0.1982,-0.0031,0.0076,0.000,0.000
73.044,-0.1982,-0.0031,0.0076,0.000,0.000
73.098,-0.1982,-0.0031,0.0076,0.000,0.000
73.153,-0.1982,-0.0031,0.0076,0.000,0.000
73.208,-0.1982,-0.0031,0.0076,0.000,0.000
73.265,-0.1982,-0.0031,0.0076,0.000,0.000
73.319,-0.1982,-0.0031,0.0076,0.000,0.000
73.374,-0.1982,-0.0031,0.0076,0.000,0.000
73.428,-0.1982,-0.0031,0.0076,0.000,0.000
73.481,-0.1982,-0.0031,0.0076,0.000,0.000
73.535,-0.1982,-0.0031,0.0076,0.000,0.000
73.588,-0.1982,-0.0031,0.0076,0.000,0.000
73.641,-0.1982,-0.0031,0.0076,0.000,0.000
73.695,-0.1982,-0.0031,0.0076,0.000,0.000
73.749,-0.1982,-0.0031,0.0076,0.000,0.000
73.802,-0.1982,-0.0031,0.0076,0.000,0.000
73.856,-0.1982,-0.0031,0.0076,0.000,0.000
73.910,-0.1982,-0.0031,0.0076,0.000,0.000
73.964,-0.1982,-0.0031,0.0076,0.000,0.000
74.024,-0.1982,-0.0031,0.0076,0.000,0.000
74.077,-0.1982,-0.0031,0.0076,0.000,0.000
74.131,-0.1982,-0.0031,0.0076,0.000,0.000
74.185,-0.1982,-0.0031,0.0076,0.000,0.000
74.238,-0.1982,-0.0031,0.0076,0.000,0.000
74.291,-0.1982,-0.0031,0.0076,0.000,0.000
74.345,-0.1982,-0.0031,0.0076,0.000,0.000
74.398,-0.1982,-0.0031,0.0076,0.000,0.000
74.452,-0.1982,-0.0031,0.0076,0.000,0.000
74.507,-0.1982,-0.0031,0.0076,0.000,0.000
74.561,-0.1982,-0.0031,0.0076,0.000,0.000
74.615,-0.1982,-0.0031,0.0076,0.000,0.000
74.669,-0.1982,-0.0031,0.0076,0.000,0.000
74.723,-0.1982,-0.0031,0.0076,0.000,0.000
74.776,-0.1982,-0.0031,0.0076,0.000,0.000
74.830,-0.1982,-0.0031,0.0076,0.000,0.000
74.883,-0.1982,-0.0031,0.0076,0.000,0.000
74.937,-0.1982,-0.0031,0.0076,0.000,0.000
74.990,-0.1982,-0.0031,0.0076,0.000,0.000
75.044,-0.1982,-0.0031,0.0076,0.000,0.000
75.097,-0.1982,-0.0031,0.0076,0.000,0.000
75.152,-0.1982,-0.0031,0.0076,0.000,0.000
75.205,-0.1982,-0.0031,0.0076,0.000,0.000
75.259,-0.1982,-0.0031,0.0076,0.000,0.000
75.312,-0.1982,-0.0031,0.0076,0.000,0.000
75.366,-0.1982,-0.0031,0.0076,0.000,0.000
75.419,-0.1982,-0.0031,0.0076,0.000,0.000
75.474,-0.1982,-0.0031,0.0076,0.000,0.000
75.527,-0.1982,-0.0031,0.0076,0.000,0.000
75.581,-0.1982,-0.0031,0.0076,0.000,0.000
75.634,-0.1982,-0.0031,0.0076,0.000,0.000
75.687,-0.1982,-0.0031,0.0076,0.000,0.000
75.740,-0.1982,-0.0031,0.0076,0.000,0.000
75.794,-0.1982,-0.0031,0.0076,0.000,0.000
75.848,-0.1982,-0.0031,0.0076,0.000,0.000
75.900,-0.1982,-0.0031,0.0076,0.000,0.000
75.954,-0.1982,-0.0031,0.0076,0.000,0.000
76.009,-0.1982,-0.0031,0.0076,0.000,0.000
76.063,-0.1982,-0.0031,0.0076,0.000,0.000
76.117,-0.1982,-0.0031,0.0076,0.000,0.000
76.171,-0.1982,-0.0031,0.0076,0.000,0.000
76.227,-0.1982,-0.0031,0.0076,0.000,0.000
76.280,-0.1982,-0.0031,0.0076,0.000,0.000
76.334,-0.1982,-0.0031,0.0076,0.000,0.000
76.389,-0.1982,-0.0031,0.0076,0.000,0.000
76.442,-0.1982,-0.0031,0.0076,0.000,0.000
76.496,-0.1982,-0.0031,0.0076,0.000,0.000
76.551,-0.1982,-0.0031,0.0076,0.000,0.000
76.605,-0.1982,-0.0031,0.0076,0.000,0.000
76.658,-0.1982,-0.0031,0.0076,0.000,0.000
76.713,-0.1982,-0.0031,0.0076,0.000,0.000
76.766,-0.1982,-0.0031,0.0076,0.000,0.000
76.819,-0.1982,-0.0031,0.0076,0.000,0.000
76.873,-0.1982,-0.0031,0.0076,0.000,0.000
76.927,-0.1982,-0.0031,0.0076,0.000,0.000
76.982,-0.1982,-0.0031,0.0076,0.000,0.000
77.036,-0.1982,-0.0031,0.0076,0.000,0.000
77.089,-0.1982,-0.0031,0.0076,0.000,0.000
77.143,-0.1982,-0.0031,0.0076,0.000,0.000
77.198,-0.1982,-0.0031,0.0076,0.000,0.000
77.252,-0.1982,-0.0031,0.0076,0.000,0.000
77.306,-0.1982,-0.0031,0.0076,0.000,0.000
77.359,-0.1982,-0.0031,0.0076,0.000,0.000
77.412,-0.1982,-0.0031,0.0076,0.000,0.000
77.465,-0.1982,-0.0031,0.0076,0.000,0.000
77.519,-0.1982,-0.0031,0.0076,0.000,0.000
77.573,-0.1982,-0.0031,0.0076,0.000,0.000
77.627,-0.1982,-0.0031,0.0076,0.000,0.000
77.680,-0.1982,-0.0031,0.0076,0.000,0.000
77.733,-0.1982,-0.0031,0.0076,0.000,0.000
77.786,-0.1982,-0.0031,0.0076,0.000,0.000
77.839,-0.1982,-0.0031,0.0076,0.000,0.000
77.892,-0.1982,-0.0031,0.0076,0.000,0.000
77.946,-0.1982,-0.0031,0.0076,0.000,0.000
77.998,-0.1982,-0.0031,0.0076,0.000,0.000
78.051,-0.1982,-0.0031,0.0076,0.000,0.000
78.104,-0.1982,-0.0031,0.0076,0.000,0.000
78.160,-0.1982,-0.0031,0.0076,0.000,0.000
78.214,-0.1982,-0.0031,0.0076,0.000,0.000
78.268,-0.1982,-0.0031,0.0076,0.000,0.000
78.322,-0.1982,-0.0031,0.0076,0.000,0.000
78.376,-0.1982,-0.0031,0.0076,0.000,0.000
78.432,-0.1982,-0.0031,0.0076,0.000,0.000
78.487,-0.1982,-0.0031,0.0076,0.000,0.000
78.540,-0.1982,-0.0031,0.0076,0.000,0.000
78.593,-0.1982,-0.0031,0.0076,0.000,0.000
78.646,-0.1982,-0.0031,0.0076,0.000,0.000
78.700,-0.1982,-0.0031,0.0076,0.000,0.000
78.753,-0.1982,-0.0031,0.0076,0.000,0.000
78.806,-0.1982,-0.0031,0.0076,0.000,0.000
78.859,-0.1982,-0.0031,0.0076,0.000,0.000
78.914,-0.1982,-0.0031,0.0076,0.000,0.000
78.967,-0.1982,-0.0031,0.0076,0.000,0.000
79.020,-0.1982,-0.0031,0.0076,0.000,0.000
79.073,-0.1982,-0.0031,0.0076,0.000,0.000
79.126,-0.1982,-0.0031,0.0076,0.000,0.000
79.181,-0.1982,-0.0031,0.0076,0.000,0.000
79.234,-0.1982,-0.0031,0.0076,0.000,0.000
79.286,-0.1982,-0.0031,0.0076,0.000,0.000
79.340,-0.1982,-0.0031,0.0076,0.000,0.000
79.393,-0.1982,-0.0031,0.0076,0.000,0.000
79.446,-0.1982,-0.0031,0.0076,0.000,0.000
79.500,-0.1982,-0.0031,0.0076,0.000,0.000
79.553,-0.1982,-0.0031,0.0076,0.000,0.000
79.607,-0.1982,-0.0031,0.0076,0.000,0.000
79.662,-0.1982,-0.0031,0.0076,0.000,0.000
79.717,-0.1982,-0.0031,0.0076,0.000,0.000
79.771,-0.1982,-0.0031,0.0076,0.000,0.000
79.826,-0.1982,-0.0031,0.0076,0.000,0.000
79.881,-0.1982,-0.0031,0.0076,0.000,0.000
79.937,-0.1982,-0.0031,0.0076,0.000,0.000
79.990,-0.1982,-0.0031,0.0076,0.000,0.000
80.045,-0.1982,-0.0031,0.0076,0.000,0.000
80.099,-0.1982,-0.0031,0.0076,0.000,0.000
80.152,-0.1982,-0.0031,0.0076,0.000,0.000
80.206,-0.1982,-0.0031,0.0076,0.000,0.000
80.260,-0.1982,-0.0031,0.0076,0.000,0.000
80.315,-0.1982,-0.0031,0.0076,0.000,0.000
80.367,-0.1982,-0.0031,0.0076,0.000,0.000
80.422,-0.1982,-0.0031,0.0076,0.000,0.000
80.475,-0.1982,-0.0031,0.0076,0.000,0.000
80.528,-0.1982,-0.0031,0.0076,0.000,0.000
80.582,-0.1982,-0.0031,0.0076,0.000,0.000
80.636,-0.1982,-0.0031,0.0076,0.000,0.000
80.689,-0.1982,-0.0031,0.0076,0.000,0.000
80.743,-0.1982,-0.0031,0.0076,0.000,0.000
80.797,-0.1982,-0.0031,0.0076,0.000,0.000
80.853,-0.1982,-0.0031,0.0076,0.000,0.000
80.906,-0.1982,-0.0031,0.0076,0.000,0.000
80.960,-0.1982,-0.0031,0.0076,0.000,0.000
81.014,-0.1982,-0.0031,0.0076,0.000,0.000
81.069,-0.1982,-0.0031,0.0076,0.000,0.000
81.122,-0.1982,-0.0031,0.0076,0.000,0.000
81.175,-0.1982,-0.0031,0.0076,0.000,0.000
81.228,-0.1982,-0.0031,0.0076,0.000,0.000
81.282,-0.1982,-0.0031,0.0076,0.000,0.000
81.334,-0.1982,-0.0031,0.0076,0.000,0.000
81.389,-0.1982,-0.0031,0.0076,0.000,0.000
81.442,-0.1982,-0.0031,0.0076,0.000,0.000
81.495,-0.1982,-0.0031,0.0076,0.000,0.000
81.548,-0.1982,-0.0031,0.0076,0.000,0.000
81.602,-0.1982,-0.0031,0.0076,0.000,0.000
81.655,-0.1982,-0.0031,0.0076,0.000,0.000
81.708,-0.1982,-0.0031,0.0076,0.000,0.000
81.762,-0.1982,-0.0031,0.0076,0.000,0.000
81.817,-0.1982,-0.0031,0.0076,0.000,0.000
81.869,-0.1982,-0.0031,0.0076,0.000,0.000
81.924,-0.1982,-0.0031,0.0076,0.000,0.000
81.977,-0.1982,-0.0031,0.0076,0.000,0.000
82.030,-0.1982,-0.0031,0.0076,0.000,0.000
82.085,-0.1982,-0.0031,0.0076,0.000,0.000
82.137,-0.1982,-0.0031,0.0076,0.000,0.000
82.192,-0.1982,-0.0031,0.0076,0.000,0.000
82.246,-0.1982,-0.0031,0.0076,0.000,0.000
82.299,-0.1982,-0.0031,0.0076,0.000,0.000
82.353,-0.1982,-0.0031,0.0076,0.000,0.000
82.407,-0.1982,-0.0031,0.0076,0.000,0.000
82.459,-0.1982,-0.0031,0.0076,0.000,0.000
82.511,-0.1982,-0.0031,0.0076,0.000,0.000
82.564,-0.1982,-0.0031,0.0076,0.000,0.000
82.617,-0.1982,-0.0031,0.0076,0.000,0.000
82.671,-0.1982,-0.0031,0.0076,0.000,0.000
82.725,-0.1982,-0.0031,0.0076,0.000,0.000
82.779,-0.1982,-0.0031,0.0076,0.000,0.000
82.831,-0.1982,-0.0031,0.0076,0.000,0.000
82.891,-0.1982,-0.0031,0.0076,0.000,0.000
82.945,-0.1982,-0.0031,0.0076,0.000,0.000
83.000,-0.1982,-0.0031,0.0076,0.000,0.000
83.054,-0.1982,-0.0031,0.0076,0.000,0.000
83.107,-0.1982,-0.0031,0.0076,0.000,0.000
83.161,-0.1982,-0.0031,0.0076,0.000,0.000
83.215,-0.1982,-0.0031,0.0076,0.000,0.000
83.268,-0.1982,-0.0031,0.0076,0.000,0.000
83.322,-0.1982,-0.0031,0.0076,0.000,0.000
83.377,-0.1982,-0.0031,0.0076,0.000,0.000
83.431,-0.1982,-0.0031,0.0076,0.000,0.000
83.485,-0.1982,-0.0031,0.0076,0.000,0.000
83.539,-0.1982,-0.0031,0.0076,0.000,0.000
83.593,-0.1982,-0.0031,0.0076,0.000,0.000
83.646,-0.1982,-0.0031,0.0076,0.000,0.000
83.700,-0.1982,-0.0031,0.0076,0.000,0.000
83.753,-0.1982,-0.0031,0.0076,0.000,0.000
83.807,-0.1982,-0.0031,0.0076,0.000,0.000
83.860,-0.1982,-0.0031,0.0076,0.000,0.000
83.913,-0.1982,-0.0031,0.0076,0.000,0.000
83.967,-0.1982,-0.0031,0.0076,0.000,0.000
84.020,-0.1982,-0.0031,0.0076,0.000,0.000
84.074,-0.1982,-0.0031,0.0076,0.000,0.000
84.127,-0.1982,-0.0031,0.0076,0.000,0.000
84.181,-0.1982,-0.0031,0.0076,0.000,0.000
84.233,-0.1982,-0.0031,0.0076,0.000,0.000
84.287,-0.1982,-0.0031,0.0076,0.000,0.000
84.342,-0.1982,-0.0031,0.0076,0.000,0.000
84.395,-0.1982,-0.0031,0.0076,0.000,0.000
84.448,-0.1982,-0.0031,0.0076,0.000,0.000
84.502,-0.1982,-0.0031,0.0076,0.000,0.000
84.555,-0.1982,-0.0031,0.0076,0.000,0.000
84.610,-0.1982,-0.0031,0.0076,0.000,0.000
84.664,-0.1982,-0.0031,0.0076,0.000,0.000
84.717,-0.1982,-0.0031,0.0076,0.000,0.000
84.770,-0.1982,-0.0031,0.0076,0.000,0.000
84.822,-0.1982,-0.0031,0.0076,0.000,0.000
84.875,-0.1982,-0.0031,0.0076,0.000,0.000
84.929,-0.1982,-0.0031,0.0076,0.000,0.000
84.981,-0.1982,-0.0031,0.0076,0.000,0.000
85.035,-0.1982,-0.0031,0.0076,0.000,0.000
85.089,-0.1982,-0.0031,0.0076,0.000,0.000
85.142,-0.1982,-0.0031,0.0076,0.000,0.000
85.196,-0.1982,-0.0031,0.0076,0.000,0.000
85.249,-0.1982,-0.0031,0.0076,0.000,0.000
85.303,-0.1982,-0.0031,0.0076,0.000,0.000
85.356,-0.1982,-0.0031,0.0076,0.000,0.000
85.410,-0.1982,-0.0031,0.0076,0.000,0.000
85.464,-0.1982,-0.0031,0.0076,0.000,0.000
85.518,-0.1982,-0.0031,0.0076,0.000,0.000
85.570,-0.1982,-0.0031,0.0076,0.000,0.000
85.624,-0.1982,-0.0031,0.0076,0.000,0.000
85.677,-0.1982,-0.0031,0.0076,0.000,0.000
85.730,-0.1982,-0.0031,0.0076,0.000,0.000
85.783,-0.1982,-0.0031,0.0076,0.000,0.000
85.836,-0.1982,-0.0031,0.0076,0.000,0.000
85.888,-0.1982,-0.0031,0.0076,0.000,0.000
85.942,-0.1982,-0.0031,0.0076,0.000,0.000
85.996,-0.1982,-0.0031,0.0076,0.000,0.000
86.050,-0.1982,-0.0031,0.0076,0.000,0.000
86.104,-0.1982,-0.0031,0.0076,0.000,0.000
86.158,-0.1982,-0.0031,0.0076,0.000,0.000
86.211,-0.1982,-0.0031,0.0076,0.000,0.000
86.266,-0.1982,-0.0031,0.0076,0.000,0.000
86.319,-0.1982,-0.0031,0.0076,0.000,0.000
86.372,-0.1982,-0.0031,0.0076,0.000,0.000
86.426,-0.1982,-0.0031,0.0076,0.000,0.000
86.479,-0.1982,-0.0031,0.0076,0.000,0.000
86.533,-0.1982,-0.0031,0.0076,0.000,0.000
86.589,-0.1982,-0.0031,0.0076,0.000,0.000
86.643,-0.1982,-0.0031,0.0076,0.000,0.000
86.696,-0.1982,-0.0031,0.0076,0.000,0.000
86.749,-0.1982,-0.0031,0.0076,0.000,0.000
86.802,-0.1982,-0.0031,0.0076,0.000,0.000
86.856,-0.1982,-0.0031,0.0076,0.000,0.000
86.910,-0.1982,-0.0031,0.0076,0.000,0.000
86.965,-0.1982,-0.0031,0.0076,0.000,0.000
87.019,-0.1982,-0.0031,0.0076,0.000,0.000
87.072,-0.1982,-0.0031,0.0076,0.000,0.000
87.126,-0.1982,-0.0031,0.0076,0.000,0.000
87.179,-0.1982,-0.0031,0.0076,0.000,0.000
87.232,-0.1982,-0.0031,0.0076,0.000,0.000
87.287,-0.1982,-0.0031,0.0076,0.000,0.000
87.340,-0.1982,-0.0031,0.0076,0.000,0.000
87.392,-0.1982,-0.0031,0.0076,0.000,0.000
87.446,-0.1982,-0.0031,0.0076,0.000,0.000
87.501,-0.1982,-0.0031,0.0076,0.000,0.000
87.554,-0.1982,-0.0031,0.0076,0.000,0.000
87.608,-0.1982,-0.0031,0.0076,0.000,0.000
87.663,-0.1982,-0.0031,0.0076,0.000,0.000
87.715,-0.1982,-0.0031,0.0076,0.000,0.000
87.767,-0.1982,-0.0031,0.0076,0.000,0.000
87.820,-0.1982,-0.0031,0.0076,0.000,0.000
87.875,-0.1982,-0.0031,0.0076,0.000,0.000
87.928,-0.1982,-0.0031,0.0076,0.000,0.000
87.981,-0.1982,-0.0031,0.0076,0.000,0.000
88.038,-0.1982,-0.0031,0.0076,0.000,0.000
88.091,-0.1982,-0.0031,0.0076,0.000,0.000
88.145,-0.1982,-0.0031,0.0076,0.000,0.000
88.200,-0.1982,-0.0031,0.0076,0.000,0.000
88.253,-0.1982,-0.0031,0.0076,0.000,0.000
88.306,-0.1982,-0.0031,0.0076,0.000,0.000
88.362,-0.1982,-0.0031,0.0076,0.000,0.000
88.415,-0.1982,-0.0031,0.0076,0.000,0.000
88.470,-0.1982,-0.0031,0.0076,0.000,0.000
88.526,-0.1982,-0.0031,0.0076,0.000,0.000
88.580,-0.1982,-0.0031,0.0076,0.000,0.000
88.634,-0.1982,-0.0031,0.0076,0.000,0.000
88.688,-0.1982,-0.0031,0.0076,0.000,0.000
88.745,-0.1982,-0.0031,0.0076,0.000,0.000
88.799,-0.1982,-0.0031,0.0076,0.000,0.000
88.852,-0.1982,-0.0031,0.0076,0.000,0.000
